Stateid,timeid,dose1,dose2
AN,1,0.0,0.0
AN,2,0.0,0.0
AN,3,0.0,0.0
AN,4,0.0,0.0
AN,5,0.0,0.0
AN,6,0.0,0.0
AN,7,0.0,0.0
AN,8,0.0,0.0
AN,9,0.0,0.0
AN,10,0.0,0.0
AN,11,0.0,0.0
AN,12,0.0,0.0
AN,13,0.0,0.0
AN,14,0.0,0.0
AN,15,0.0,0.0
AN,16,0.0,0.0
AN,17,0.0,0.0
AN,18,0.0,0.0
AN,19,0.0,0.0
AN,20,0.0,0.0
AN,21,0.0,0.0
AN,22,0.0,0.0
AN,23,0.0,0.0
AN,24,0.0,0.0
AN,25,0.0,0.0
AN,26,0.0,0.0
AN,27,0.0,0.0
AN,28,0.0,0.0
AN,29,0.0,0.0
AN,30,0.0,0.0
AN,31,0.0,0.0
AN,32,0.0,0.0
AN,33,0.0,0.0
AN,34,0.0,0.0
AN,35,0.0,0.0
AN,36,0.0,0.0
AN,37,0.0,0.0
AN,38,0.0,0.0
AN,39,0.0,0.0
AN,40,0.0,0.0
AN,41,0.0,0.0
AN,42,0.0,0.0
AN,43,0.0,0.0
AN,44,23.0,0.0
AN,45,897.0,0.0
AN,46,1140.0,0.0
AN,47,720.0,0.0
AN,48,260.0,0.0
AN,49,1667.0,946.0
AN,50,1322.0,1014.0
AN,51,2259.0,250.0
AN,52,3105.0,530.0
AN,53,1856.0,871.0
AN,54,1956.0,1469.0
AN,55,2793.0,143.0
AN,56,11865.0,347.0
AN,57,37588.0,998.0
AN,58,19345.0,2729.0
AN,59,7206.0,1791.0
AN,60,3637.0,2441.0
AN,61,2419.0,1601.0
AN,62,3547.0,26.0
AN,63,4712.0,10.0
AN,64,3654.0,57.0
AN,65,3737.0,129.0
AN,66,5493.0,154.0
AN,67,22128.0,795.0
AN,68,16001.0,8472.0
AN,69,6766.0,31714.0
AN,70,14577.0,20711.0
AN,71,12045.0,9279.0
AN,72,14701.0,5073.0
AN,73,7602.0,2699.0
AN,74,17688.0,3038.0
AP,1,0.0,0.0
AP,2,0.0,0.0
AP,3,0.0,0.0
AP,4,0.0,0.0
AP,5,0.0,0.0
AP,6,0.0,0.0
AP,7,0.0,0.0
AP,8,0.0,0.0
AP,9,0.0,0.0
AP,10,0.0,0.0
AP,11,0.0,0.0
AP,12,0.0,0.0
AP,13,0.0,0.0
AP,14,0.0,0.0
AP,15,0.0,0.0
AP,16,0.0,0.0
AP,17,0.0,0.0
AP,18,0.0,0.0
AP,19,0.0,0.0
AP,20,0.0,0.0
AP,21,0.0,0.0
AP,22,0.0,0.0
AP,23,0.0,0.0
AP,24,0.0,0.0
AP,25,0.0,0.0
AP,26,0.0,0.0
AP,27,0.0,0.0
AP,28,0.0,0.0
AP,29,0.0,0.0
AP,30,0.0,0.0
AP,31,0.0,0.0
AP,32,0.0,0.0
AP,33,0.0,0.0
AP,34,0.0,0.0
AP,35,0.0,0.0
AP,36,0.0,0.0
AP,37,0.0,0.0
AP,38,0.0,0.0
AP,39,0.0,0.0
AP,40,0.0,0.0
AP,41,0.0,0.0
AP,42,0.0,0.0
AP,43,0.0,0.0
AP,44,4216.0,0.0
AP,45,66164.0,0.0
AP,46,63191.0,0.0
AP,47,112367.0,0.0
AP,48,67569.0,6233.0
AP,49,100311.0,81237.0
AP,50,122137.0,50342.0
AP,51,117103.0,45307.0
AP,52,195605.0,54193.0
AP,53,445838.0,61917.0
AP,54,667934.0,73728.0
AP,55,604379.0,47066.0
AP,56,714537.0,101863.0
AP,57,728589.0,76034.0
AP,58,533378.0,528629.0
AP,59,631642.0,392788.0
AP,60,261632.0,454871.0
AP,61,48122.0,193005.0
AP,62,79646.0,180783.0
AP,63,1710375.0,133539.0
AP,64,956613.0,90939.0
AP,65,1025779.0,47528.0
AP,66,593828.0,32276.0
AP,67,2069992.0,254321.0
AP,68,1251921.0,361815.0
AP,69,299752.0,204683.0
AP,70,1035127.0,644884.0
AP,71,402582.0,537279.0
AP,72,1186472.0,917332.0
AP,73,1380322.0,567504.0
AP,74,1039018.0,345116.0
AR,1,0.0,0.0
AR,2,0.0,0.0
AR,3,0.0,0.0
AR,4,0.0,0.0
AR,5,0.0,0.0
AR,6,0.0,0.0
AR,7,0.0,0.0
AR,8,0.0,0.0
AR,9,0.0,0.0
AR,10,0.0,0.0
AR,11,0.0,0.0
AR,12,0.0,0.0
AR,13,0.0,0.0
AR,14,0.0,0.0
AR,15,0.0,0.0
AR,16,0.0,0.0
AR,17,0.0,0.0
AR,18,0.0,0.0
AR,19,0.0,0.0
AR,20,0.0,0.0
AR,21,0.0,0.0
AR,22,0.0,0.0
AR,23,0.0,0.0
AR,24,0.0,0.0
AR,25,0.0,0.0
AR,26,0.0,0.0
AR,27,0.0,0.0
AR,28,0.0,0.0
AR,29,0.0,0.0
AR,30,0.0,0.0
AR,31,0.0,0.0
AR,32,0.0,0.0
AR,33,0.0,0.0
AR,34,0.0,0.0
AR,35,0.0,0.0
AR,36,0.0,0.0
AR,37,0.0,0.0
AR,38,0.0,0.0
AR,39,0.0,0.0
AR,40,0.0,0.0
AR,41,0.0,0.0
AR,42,0.0,0.0
AR,43,0.0,0.0
AR,44,81.0,0.0
AR,45,2365.0,0.0
AR,46,4045.0,0.0
AR,47,2797.0,0.0
AR,48,3963.0,456.0
AR,49,6767.0,3764.0
AR,50,5885.0,2742.0
AR,51,11346.0,2690.0
AR,52,8860.0,2904.0
AR,53,10377.0,3944.0
AR,54,11366.0,3469.0
AR,55,10262.0,2651.0
AR,56,23642.0,6926.0
AR,57,32191.0,7263.0
AR,58,28718.0,9706.0
AR,59,27245.0,9099.0
AR,60,17836.0,14280.0
AR,61,11013.0,7987.0
AR,62,26396.0,191.0
AR,63,9292.0,198.0
AR,64,39729.0,330.0
AR,65,37188.0,429.0
AR,66,67181.0,593.0
AR,67,71623.0,1717.0
AR,68,64082.0,8122.0
AR,69,55752.0,22204.0
AR,70,37351.0,24789.0
AR,71,25971.0,22686.0
AR,72,17741.0,15395.0
AR,73,16958.0,8849.0
AR,74,12954.0,16353.0
AS,1,0.0,0.0
AS,2,0.0,0.0
AS,3,0.0,0.0
AS,4,0.0,0.0
AS,5,0.0,0.0
AS,6,0.0,0.0
AS,7,0.0,0.0
AS,8,0.0,0.0
AS,9,0.0,0.0
AS,10,0.0,0.0
AS,11,0.0,0.0
AS,12,0.0,0.0
AS,13,0.0,0.0
AS,14,0.0,0.0
AS,15,0.0,0.0
AS,16,0.0,0.0
AS,17,0.0,0.0
AS,18,0.0,0.0
AS,19,0.0,0.0
AS,20,0.0,0.0
AS,21,0.0,0.0
AS,22,0.0,0.0
AS,23,0.0,0.0
AS,24,0.0,0.0
AS,25,0.0,0.0
AS,26,0.0,0.0
AS,27,0.0,0.0
AS,28,0.0,0.0
AS,29,0.0,0.0
AS,30,0.0,0.0
AS,31,0.0,0.0
AS,32,0.0,0.0
AS,33,0.0,0.0
AS,34,0.0,0.0
AS,35,0.0,0.0
AS,36,0.0,0.0
AS,37,0.0,0.0
AS,38,0.0,0.0
AS,39,0.0,0.0
AS,40,0.0,0.0
AS,41,0.0,0.0
AS,42,0.0,0.0
AS,43,0.0,0.0
AS,44,401.0,0.0
AS,45,3660.0,0.0
AS,46,26512.0,0.0
AS,47,47925.0,0.0
AS,48,43552.0,2006.0
AS,49,31279.0,8584.0
AS,50,42047.0,17168.0
AS,51,148225.0,24810.0
AS,52,126257.0,31299.0
AS,53,87796.0,24516.0
AS,54,332813.0,33017.0
AS,55,140106.0,32003.0
AS,56,205557.0,76554.0
AS,57,59332.0,40762.0
AS,58,297490.0,122152.0
AS,59,427578.0,140664.0
AS,60,325788.0,103004.0
AS,61,285358.0,74338.0
AS,62,306857.0,46646.0
AS,63,308167.0,49656.0
AS,64,220749.0,20593.0
AS,65,374072.0,69556.0
AS,66,427672.0,138079.0
AS,67,1389486.0,127319.0
AS,68,643862.0,111854.0
AS,69,263231.0,50524.0
AS,70,671272.0,181569.0
AS,71,720674.0,184910.0
AS,72,751281.0,217665.0
AS,73,1480218.0,220949.0
AS,74,1240836.0,292703.0
BR,1,0.0,0.0
BR,2,0.0,0.0
BR,3,0.0,0.0
BR,4,0.0,0.0
BR,5,0.0,0.0
BR,6,0.0,0.0
BR,7,0.0,0.0
BR,8,0.0,0.0
BR,9,0.0,0.0
BR,10,0.0,0.0
BR,11,0.0,0.0
BR,12,0.0,0.0
BR,13,0.0,0.0
BR,14,0.0,0.0
BR,15,0.0,0.0
BR,16,0.0,0.0
BR,17,0.0,0.0
BR,18,0.0,0.0
BR,19,0.0,0.0
BR,20,0.0,0.0
BR,21,0.0,0.0
BR,22,0.0,0.0
BR,23,0.0,0.0
BR,24,0.0,0.0
BR,25,0.0,0.0
BR,26,0.0,0.0
BR,27,0.0,0.0
BR,28,0.0,0.0
BR,29,0.0,0.0
BR,30,0.0,0.0
BR,31,0.0,0.0
BR,32,0.0,0.0
BR,33,0.0,0.0
BR,34,0.0,0.0
BR,35,0.0,0.0
BR,36,0.0,0.0
BR,37,0.0,0.0
BR,38,0.0,0.0
BR,39,0.0,0.0
BR,40,0.0,0.0
BR,41,0.0,0.0
BR,42,0.0,0.0
BR,43,0.0,0.0
BR,44,2967.0,0.0
BR,45,35442.0,0.0
BR,46,67342.0,0.0
BR,47,224576.0,0.0
BR,48,121379.0,55.0
BR,49,67654.0,38347.0
BR,50,39961.0,39826.0
BR,51,84363.0,106740.0
BR,52,429095.0,107410.0
BR,53,379926.0,75699.0
BR,54,637591.0,40374.0
BR,55,672940.0,24127.0
BR,56,1190747.0,104666.0
BR,57,941202.0,145577.0
BR,58,585058.0,199000.0
BR,59,448482.0,237224.0
BR,60,375673.0,359313.0
BR,61,875670.0,211098.0
BR,62,612349.0,40111.0
BR,63,638997.0,43592.0
BR,64,652055.0,65897.0
BR,65,948946.0,67327.0
BR,66,1439227.0,131631.0
BR,67,2036374.0,137168.0
BR,68,1215113.0,220262.0
BR,69,1158201.0,278383.0
BR,70,1671900.0,436012.0
BR,71,1098865.0,293284.0
BR,72,1899663.0,487583.0
BR,73,2393761.0,508959.0
BR,74,2221859.0,459602.0
CH,1,0.0,0.0
CH,2,0.0,0.0
CH,3,0.0,0.0
CH,4,0.0,0.0
CH,5,0.0,0.0
CH,6,0.0,0.0
CH,7,0.0,0.0
CH,8,0.0,0.0
CH,9,0.0,0.0
CH,10,0.0,0.0
CH,11,0.0,0.0
CH,12,0.0,0.0
CH,13,0.0,0.0
CH,14,0.0,0.0
CH,15,0.0,0.0
CH,16,0.0,0.0
CH,17,0.0,0.0
CH,18,0.0,0.0
CH,19,0.0,0.0
CH,20,0.0,0.0
CH,21,0.0,0.0
CH,22,0.0,0.0
CH,23,0.0,0.0
CH,24,0.0,0.0
CH,25,0.0,0.0
CH,26,0.0,0.0
CH,27,0.0,0.0
CH,28,0.0,0.0
CH,29,0.0,0.0
CH,30,0.0,0.0
CH,31,0.0,0.0
CH,32,0.0,0.0
CH,33,0.0,0.0
CH,34,0.0,0.0
CH,35,0.0,0.0
CH,36,0.0,0.0
CH,37,0.0,0.0
CH,38,0.0,0.0
CH,39,0.0,0.0
CH,40,0.0,0.0
CH,41,0.0,0.0
CH,42,0.0,0.0
CH,43,0.0,0.0
CH,44,120.0,0.0
CH,45,670.0,0.0
CH,46,1416.0,0.0
CH,47,1652.0,0.0
CH,48,2851.0,117.0
CH,49,3670.0,629.0
CH,50,6548.0,894.0
CH,51,10599.0,1513.0
CH,52,10773.0,2549.0
CH,53,9532.0,3134.0
CH,54,7357.0,2411.0
CH,55,19340.0,2062.0
CH,56,22216.0,4955.0
CH,57,20990.0,7256.0
CH,58,20260.0,11207.0
CH,59,25605.0,12890.0
CH,60,23846.0,13379.0
CH,61,23717.0,10676.0
CH,62,26558.0,950.0
CH,63,27027.0,232.0
CH,64,38028.0,244.0
CH,65,22874.0,633.0
CH,66,47250.0,1427.0
CH,67,44405.0,4400.0
CH,68,39330.0,13394.0
CH,69,33578.0,20091.0
CH,70,48697.0,22202.0
CH,71,38004.0,30968.0
CH,72,45069.0,26949.0
CH,73,64627.0,23069.0
CH,74,46970.0,26120.0
CT,1,0.0,0.0
CT,2,0.0,0.0
CT,3,0.0,0.0
CT,4,0.0,0.0
CT,5,0.0,0.0
CT,6,0.0,0.0
CT,7,0.0,0.0
CT,8,0.0,0.0
CT,9,0.0,0.0
CT,10,0.0,0.0
CT,11,0.0,0.0
CT,12,0.0,0.0
CT,13,0.0,0.0
CT,14,0.0,0.0
CT,15,0.0,0.0
CT,16,0.0,0.0
CT,17,0.0,0.0
CT,18,0.0,0.0
CT,19,0.0,0.0
CT,20,0.0,0.0
CT,21,0.0,0.0
CT,22,0.0,0.0
CT,23,0.0,0.0
CT,24,0.0,0.0
CT,25,0.0,0.0
CT,26,0.0,0.0
CT,27,0.0,0.0
CT,28,0.0,0.0
CT,29,0.0,0.0
CT,30,0.0,0.0
CT,31,0.0,0.0
CT,32,0.0,0.0
CT,33,0.0,0.0
CT,34,0.0,0.0
CT,35,0.0,0.0
CT,36,0.0,0.0
CT,37,0.0,0.0
CT,38,0.0,0.0
CT,39,0.0,0.0
CT,40,0.0,0.0
CT,41,0.0,0.0
CT,42,0.0,0.0
CT,43,0.0,0.0
CT,44,1040.0,0.0
CT,45,11145.0,0.0
CT,46,45261.0,0.0
CT,47,96069.0,0.0
CT,48,94792.0,862.0
CT,49,92923.0,20043.0
CT,50,35488.0,30850.0
CT,51,135465.0,68637.0
CT,52,188558.0,71254.0
CT,53,380761.0,77093.0
CT,54,347956.0,38205.0
CT,55,877543.0,31449.0
CT,56,1414409.0,68006.0
CT,57,655297.0,87068.0
CT,58,344583.0,109453.0
CT,59,154731.0,141441.0
CT,60,82336.0,139938.0
CT,61,100446.0,195163.0
CT,62,34036.0,11323.0
CT,63,34329.0,11337.0
CT,64,24237.0,28557.0
CT,65,17046.0,26417.0
CT,66,21184.0,28498.0
CT,67,1022250.0,204703.0
CT,68,955539.0,265779.0
CT,69,324582.0,183110.0
CT,70,397105.0,148307.0
CT,71,373348.0,167120.0
CT,72,370345.0,166038.0
CT,73,490240.0,242165.0
CT,74,260467.0,213065.0
DL,1,0.0,0.0
DL,2,0.0,0.0
DL,3,0.0,0.0
DL,4,0.0,0.0
DL,5,0.0,0.0
DL,6,0.0,0.0
DL,7,0.0,0.0
DL,8,0.0,0.0
DL,9,0.0,0.0
DL,10,0.0,0.0
DL,11,0.0,0.0
DL,12,0.0,0.0
DL,13,0.0,0.0
DL,14,0.0,0.0
DL,15,0.0,0.0
DL,16,0.0,0.0
DL,17,0.0,0.0
DL,18,0.0,0.0
DL,19,0.0,0.0
DL,20,0.0,0.0
DL,21,0.0,0.0
DL,22,0.0,0.0
DL,23,0.0,0.0
DL,24,0.0,0.0
DL,25,0.0,0.0
DL,26,0.0,0.0
DL,27,0.0,0.0
DL,28,0.0,0.0
DL,29,0.0,0.0
DL,30,0.0,0.0
DL,31,0.0,0.0
DL,32,0.0,0.0
DL,33,0.0,0.0
DL,34,0.0,0.0
DL,35,0.0,0.0
DL,36,0.0,0.0
DL,37,0.0,0.0
DL,38,0.0,0.0
DL,39,0.0,0.0
DL,40,0.0,0.0
DL,41,0.0,0.0
DL,42,0.0,0.0
DL,43,0.0,0.0
DL,44,892.0,0.0
DL,45,11420.0,0.0
DL,46,32446.0,0.0
DL,47,52734.0,0.0
DL,48,80682.0,1967.0
DL,49,112963.0,16306.0
DL,50,76562.0,20459.0
DL,51,59191.0,29532.0
DL,52,71391.0,52494.0
DL,53,80893.0,70747.0
DL,54,99515.0,51811.0
DL,55,532730.0,38432.0
DL,56,493931.0,75593.0
DL,57,415749.0,94245.0
DL,58,274836.0,114710.0
DL,59,216007.0,145011.0
DL,60,432516.0,150147.0
DL,61,420102.0,185393.0
DL,62,472965.0,104987.0
DL,63,211070.0,52037.0
DL,64,222480.0,81145.0
DL,65,267860.0,155638.0
DL,66,304796.0,137733.0
DL,67,685715.0,121819.0
DL,68,837050.0,206630.0
DL,69,347699.0,169735.0
DL,70,320221.0,135129.0
DL,71,155109.0,172376.0
DL,72,93217.0,280822.0
DL,73,361519.0,270569.0
DL,74,506741.0,329534.0
DN,1,0.0,0.0
DN,2,0.0,0.0
DN,3,0.0,0.0
DN,4,0.0,0.0
DN,5,0.0,0.0
DN,6,0.0,0.0
DN,7,0.0,0.0
DN,8,0.0,0.0
DN,9,0.0,0.0
DN,10,0.0,0.0
DN,11,0.0,0.0
DN,12,0.0,0.0
DN,13,0.0,0.0
DN,14,0.0,0.0
DN,15,0.0,0.0
DN,16,0.0,0.0
DN,17,0.0,0.0
DN,18,0.0,0.0
DN,19,0.0,0.0
DN,20,0.0,0.0
DN,21,0.0,0.0
DN,22,0.0,0.0
DN,23,0.0,0.0
DN,24,0.0,0.0
DN,25,0.0,0.0
DN,26,0.0,0.0
DN,27,0.0,0.0
DN,28,0.0,0.0
DN,29,0.0,0.0
DN,30,0.0,0.0
DN,31,0.0,0.0
DN,32,0.0,0.0
DN,33,0.0,0.0
DN,34,0.0,0.0
DN,35,0.0,0.0
DN,36,0.0,0.0
DN,37,0.0,0.0
DN,38,0.0,0.0
DN,39,0.0,0.0
DN,40,0.0,0.0
DN,41,0.0,0.0
DN,42,0.0,0.0
DN,43,0.0,0.0
DN,44,23.0,0.0
DN,45,257.0,0.0
DN,46,572.0,0.0
DN,47,1403.0,0.0
DN,48,1805.0,71.0
DN,49,2316.0,394.0
DN,50,928.0,209.0
DN,51,3942.0,1210.0
DN,52,3086.0,1358.0
DN,53,4011.0,1348.0
DN,54,3713.0,680.0
DN,55,12368.0,1248.0
DN,56,24706.0,2260.0
DN,57,12834.0,2401.0
DN,58,4752.0,2206.0
DN,59,3037.0,3182.0
DN,60,2813.0,4205.0
DN,61,9081.0,5099.0
DN,62,28723.0,38.0
DN,63,40317.0,49.0
DN,64,36291.0,104.0
DN,65,43328.0,283.0
DN,66,41145.0,579.0
DN,67,60008.0,4986.0
DN,68,77257.0,15723.0
DN,69,47581.0,12135.0
DN,70,44556.0,6787.0
DN,71,19373.0,4797.0
DN,72,24891.0,3418.0
DN,73,25170.0,4142.0
DN,74,18093.0,11509.0
GA,1,0.0,0.0
GA,2,0.0,0.0
GA,3,0.0,0.0
GA,4,0.0,0.0
GA,5,0.0,0.0
GA,6,0.0,0.0
GA,7,0.0,0.0
GA,8,0.0,0.0
GA,9,0.0,0.0
GA,10,0.0,0.0
GA,11,0.0,0.0
GA,12,0.0,0.0
GA,13,0.0,0.0
GA,14,0.0,0.0
GA,15,0.0,0.0
GA,16,0.0,0.0
GA,17,0.0,0.0
GA,18,0.0,0.0
GA,19,0.0,0.0
GA,20,0.0,0.0
GA,21,0.0,0.0
GA,22,0.0,0.0
GA,23,0.0,0.0
GA,24,0.0,0.0
GA,25,0.0,0.0
GA,26,0.0,0.0
GA,27,0.0,0.0
GA,28,0.0,0.0
GA,29,0.0,0.0
GA,30,0.0,0.0
GA,31,0.0,0.0
GA,32,0.0,0.0
GA,33,0.0,0.0
GA,34,0.0,0.0
GA,35,0.0,0.0
GA,36,0.0,0.0
GA,37,0.0,0.0
GA,38,0.0,0.0
GA,39,0.0,0.0
GA,40,0.0,0.0
GA,41,0.0,0.0
GA,42,0.0,0.0
GA,43,0.0,0.0
GA,44,50.0,0.0
GA,45,921.0,0.0
GA,46,2493.0,0.0
GA,47,3996.0,0.0
GA,48,5817.0,309.0
GA,49,2845.0,964.0
GA,50,3748.0,1477.0
GA,51,17024.0,4156.0
GA,52,18901.0,4802.0
GA,53,20455.0,2625.0
GA,54,15441.0,2831.0
GA,55,19828.0,4451.0
GA,56,28866.0,9070.0
GA,57,51493.0,14593.0
GA,58,45666.0,16298.0
GA,59,44461.0,11688.0
GA,60,27329.0,9744.0
GA,61,32909.0,11207.0
GA,62,47020.0,453.0
GA,63,37256.0,293.0
GA,64,41010.0,1289.0
GA,65,56267.0,1598.0
GA,66,122640.0,3077.0
GA,67,101915.0,6866.0
GA,68,104524.0,20017.0
GA,69,64429.0,38377.0
GA,70,58469.0,42474.0
GA,71,37450.0,36859.0
GA,72,41482.0,26878.0
GA,73,32680.0,22663.0
GA,74,25430.0,34850.0
GJ,1,0.0,0.0
GJ,2,0.0,0.0
GJ,3,0.0,0.0
GJ,4,0.0,0.0
GJ,5,0.0,0.0
GJ,6,0.0,0.0
GJ,7,0.0,0.0
GJ,8,0.0,0.0
GJ,9,0.0,0.0
GJ,10,0.0,0.0
GJ,11,0.0,0.0
GJ,12,0.0,0.0
GJ,13,0.0,0.0
GJ,14,0.0,0.0
GJ,15,0.0,0.0
GJ,16,0.0,0.0
GJ,17,0.0,0.0
GJ,18,0.0,0.0
GJ,19,0.0,0.0
GJ,20,0.0,0.0
GJ,21,0.0,0.0
GJ,22,0.0,0.0
GJ,23,0.0,0.0
GJ,24,0.0,0.0
GJ,25,0.0,0.0
GJ,26,0.0,0.0
GJ,27,0.0,0.0
GJ,28,0.0,0.0
GJ,29,0.0,0.0
GJ,30,0.0,0.0
GJ,31,0.0,0.0
GJ,32,0.0,0.0
GJ,33,0.0,0.0
GJ,34,0.0,0.0
GJ,35,0.0,0.0
GJ,36,0.0,0.0
GJ,37,0.0,0.0
GJ,38,0.0,0.0
GJ,39,0.0,0.0
GJ,40,0.0,0.0
GJ,41,0.0,0.0
GJ,42,0.0,0.0
GJ,43,0.0,0.0
GJ,44,1249.0,0.0
GJ,45,43624.0,0.0
GJ,46,166678.0,0.0
GJ,47,237260.0,0.0
GJ,48,310988.0,2.0
GJ,49,50916.0,58540.0
GJ,50,11018.0,109044.0
GJ,51,592876.0,163278.0
GJ,52,540133.0,183111.0
GJ,53,869323.0,100063.0
GJ,54,1506501.0,33746.0
GJ,55,1718471.0,141764.0
GJ,56,1933596.0,283697.0
GJ,57,938722.0,342208.0
GJ,58,574344.0,525097.0
GJ,59,596883.0,646257.0
GJ,60,584044.0,617574.0
GJ,61,536418.0,638157.0
GJ,62,298440.0,55584.0
GJ,63,1122629.0,192021.0
GJ,64,1281070.0,195889.0
GJ,65,1606954.0,260016.0
GJ,66,1594163.0,241213.0
GJ,67,2214681.0,539058.0
GJ,68,1322045.0,573446.0
GJ,69,719894.0,364369.0
GJ,70,1189438.0,524363.0
GJ,71,1390917.0,574960.0
GJ,72,1388115.0,574033.0
GJ,73,2119509.0,813396.0
GJ,74,2758409.0,872633.0
HP,1,0.0,0.0
HP,2,0.0,0.0
HP,3,0.0,0.0
HP,4,0.0,0.0
HP,5,0.0,0.0
HP,6,0.0,0.0
HP,7,0.0,0.0
HP,8,0.0,0.0
HP,9,0.0,0.0
HP,10,0.0,0.0
HP,11,0.0,0.0
HP,12,0.0,0.0
HP,13,0.0,0.0
HP,14,0.0,0.0
HP,15,0.0,0.0
HP,16,0.0,0.0
HP,17,0.0,0.0
HP,18,0.0,0.0
HP,19,0.0,0.0
HP,20,0.0,0.0
HP,21,0.0,0.0
HP,22,0.0,0.0
HP,23,0.0,0.0
HP,24,0.0,0.0
HP,25,0.0,0.0
HP,26,0.0,0.0
HP,27,0.0,0.0
HP,28,0.0,0.0
HP,29,0.0,0.0
HP,30,0.0,0.0
HP,31,0.0,0.0
HP,32,0.0,0.0
HP,33,0.0,0.0
HP,34,0.0,0.0
HP,35,0.0,0.0
HP,36,0.0,0.0
HP,37,0.0,0.0
HP,38,0.0,0.0
HP,39,0.0,0.0
HP,40,0.0,0.0
HP,41,0.0,0.0
HP,42,0.0,0.0
HP,43,0.0,0.0
HP,44,202.0,0.0
HP,45,5194.0,0.0
HP,46,17391.0,0.0
HP,47,26548.0,0.0
HP,48,27408.0,449.0
HP,49,17826.0,11382.0
HP,50,6358.0,8662.0
HP,51,19965.0,24530.0
HP,52,45478.0,18159.0
HP,53,86720.0,16137.0
HP,54,96216.0,6943.0
HP,55,171215.0,4517.0
HP,56,316877.0,14656.0
HP,57,306340.0,28920.0
HP,58,211198.0,48268.0
HP,59,207336.0,78505.0
HP,60,136934.0,98532.0
HP,61,85340.0,73015.0
HP,62,116814.0,552.0
HP,63,94894.0,381.0
HP,64,92799.0,582.0
HP,65,62900.0,1784.0
HP,66,226888.0,4330.0
HP,67,631361.0,31560.0
HP,68,368035.0,135788.0
HP,69,44938.0,250204.0
HP,70,81829.0,181931.0
HP,71,235879.0,127003.0
HP,72,208385.0,106633.0
HP,73,240951.0,87535.0
HP,74,760570.0,152737.0
HR,1,0.0,0.0
HR,2,0.0,0.0
HR,3,0.0,0.0
HR,4,0.0,0.0
HR,5,0.0,0.0
HR,6,0.0,0.0
HR,7,0.0,0.0
HR,8,0.0,0.0
HR,9,0.0,0.0
HR,10,0.0,0.0
HR,11,0.0,0.0
HR,12,0.0,0.0
HR,13,0.0,0.0
HR,14,0.0,0.0
HR,15,0.0,0.0
HR,16,0.0,0.0
HR,17,0.0,0.0
HR,18,0.0,0.0
HR,19,0.0,0.0
HR,20,0.0,0.0
HR,21,0.0,0.0
HR,22,0.0,0.0
HR,23,0.0,0.0
HR,24,0.0,0.0
HR,25,0.0,0.0
HR,26,0.0,0.0
HR,27,0.0,0.0
HR,28,0.0,0.0
HR,29,0.0,0.0
HR,30,0.0,0.0
HR,31,0.0,0.0
HR,32,0.0,0.0
HR,33,0.0,0.0
HR,34,0.0,0.0
HR,35,0.0,0.0
HR,36,0.0,0.0
HR,37,0.0,0.0
HR,38,0.0,0.0
HR,39,0.0,0.0
HR,40,0.0,0.0
HR,41,0.0,0.0
HR,42,0.0,0.0
HR,43,0.0,0.0
HR,44,1864.0,0.0
HR,45,41486.0,0.0
HR,46,51793.0,0.0
HR,47,13821.0,0.0
HR,48,68718.0,590.0
HR,49,26450.0,18663.0
HR,50,13841.0,42413.0
HR,51,43546.0,12757.0
HR,52,106522.0,28108.0
HR,53,353390.0,25684.0
HR,54,368204.0,14043.0
HR,55,504758.0,17302.0
HR,56,494257.0,35052.0
HR,57,617594.0,121770.0
HR,58,325976.0,154159.0
HR,59,179394.0,94592.0
HR,60,361976.0,149404.0
HR,61,403805.0,201816.0
HR,62,434462.0,29461.0
HR,63,404594.0,42523.0
HR,64,389453.0,29997.0
HR,65,481040.0,44666.0
HR,66,493967.0,83130.0
HR,67,951790.0,151909.0
HR,68,672968.0,256587.0
HR,69,299067.0,188721.0
HR,70,409281.0,251858.0
HR,71,281337.0,192072.0
HR,72,523051.0,318346.0
HR,73,633916.0,336860.0
HR,74,539785.0,349022.0
JH,1,0.0,0.0
JH,2,0.0,0.0
JH,3,0.0,0.0
JH,4,0.0,0.0
JH,5,0.0,0.0
JH,6,0.0,0.0
JH,7,0.0,0.0
JH,8,0.0,0.0
JH,9,0.0,0.0
JH,10,0.0,0.0
JH,11,0.0,0.0
JH,12,0.0,0.0
JH,13,0.0,0.0
JH,14,0.0,0.0
JH,15,0.0,0.0
JH,16,0.0,0.0
JH,17,0.0,0.0
JH,18,0.0,0.0
JH,19,0.0,0.0
JH,20,0.0,0.0
JH,21,0.0,0.0
JH,22,0.0,0.0
JH,23,0.0,0.0
JH,24,0.0,0.0
JH,25,0.0,0.0
JH,26,0.0,0.0
JH,27,0.0,0.0
JH,28,0.0,0.0
JH,29,0.0,0.0
JH,30,0.0,0.0
JH,31,0.0,0.0
JH,32,0.0,0.0
JH,33,0.0,0.0
JH,34,0.0,0.0
JH,35,0.0,0.0
JH,36,0.0,0.0
JH,37,0.0,0.0
JH,38,0.0,0.0
JH,39,0.0,0.0
JH,40,0.0,0.0
JH,41,0.0,0.0
JH,42,0.0,0.0
JH,43,0.0,0.0
JH,44,344.0,0.0
JH,45,3773.0,0.0
JH,46,27360.0,0.0
JH,47,55309.0,0.0
JH,48,109170.0,1978.0
JH,49,63590.0,9605.0
JH,50,30135.0,12174.0
JH,51,59648.0,37133.0
JH,52,101424.0,78358.0
JH,53,249983.0,69101.0
JH,54,649138.0,33757.0
JH,55,151132.0,14961.0
JH,56,469427.0,32623.0
JH,57,423342.0,49999.0
JH,58,157007.0,74550.0
JH,59,96703.0,73956.0
JH,60,66709.0,82413.0
JH,61,162802.0,93894.0
JH,62,323837.0,12200.0
JH,63,223532.0,23200.0
JH,64,307654.0,38800.0
JH,65,480880.0,46834.0
JH,66,549434.0,108269.0
JH,67,774200.0,117535.0
JH,68,411847.0,99645.0
JH,69,419764.0,170520.0
JH,70,426748.0,202489.0
JH,71,325369.0,124553.0
JH,72,656480.0,204476.0
JH,73,480952.0,147515.0
JH,74,540228.0,174393.0
JK,1,0.0,0.0
JK,2,0.0,0.0
JK,3,0.0,0.0
JK,4,0.0,0.0
JK,5,0.0,0.0
JK,6,0.0,0.0
JK,7,0.0,0.0
JK,8,0.0,0.0
JK,9,0.0,0.0
JK,10,0.0,0.0
JK,11,0.0,0.0
JK,12,0.0,0.0
JK,13,0.0,0.0
JK,14,0.0,0.0
JK,15,0.0,0.0
JK,16,0.0,0.0
JK,17,0.0,0.0
JK,18,0.0,0.0
JK,19,0.0,0.0
JK,20,0.0,0.0
JK,21,0.0,0.0
JK,22,0.0,0.0
JK,23,0.0,0.0
JK,24,0.0,0.0
JK,25,0.0,0.0
JK,26,0.0,0.0
JK,27,0.0,0.0
JK,28,0.0,0.0
JK,29,0.0,0.0
JK,30,0.0,0.0
JK,31,0.0,0.0
JK,32,0.0,0.0
JK,33,0.0,0.0
JK,34,0.0,0.0
JK,35,0.0,0.0
JK,36,0.0,0.0
JK,37,0.0,0.0
JK,38,0.0,0.0
JK,39,0.0,0.0
JK,40,0.0,0.0
JK,41,0.0,0.0
JK,42,0.0,0.0
JK,43,0.0,0.0
JK,44,447.0,0.0
JK,45,5146.0,0.0
JK,46,15668.0,0.0
JK,47,19648.0,0.0
JK,48,76768.0,722.0
JK,49,68420.0,5536.0
JK,50,36289.0,9429.0
JK,51,66458.0,9418.0
JK,52,73822.0,31109.0
JK,53,107215.0,54887.0
JK,54,113114.0,34887.0
JK,55,154072.0,13534.0
JK,56,358537.0,31203.0
JK,57,263001.0,39658.0
JK,58,332605.0,75128.0
JK,59,304779.0,74739.0
JK,60,240266.0,100981.0
JK,61,77052.0,51755.0
JK,62,104877.0,4427.0
JK,63,281672.0,5436.0
JK,64,196504.0,22221.0
JK,65,172502.0,17637.0
JK,66,282829.0,19319.0
JK,67,291914.0,37027.0
JK,68,369468.0,107633.0
JK,69,280445.0,74628.0
JK,70,219413.0,148004.0
JK,71,174117.0,164160.0
JK,72,219244.0,175570.0
JK,73,328255.0,146468.0
JK,74,311680.0,117916.0
KA,1,0.0,0.0
KA,2,0.0,0.0
KA,3,0.0,0.0
KA,4,0.0,0.0
KA,5,0.0,0.0
KA,6,0.0,0.0
KA,7,0.0,0.0
KA,8,0.0,0.0
KA,9,0.0,0.0
KA,10,0.0,0.0
KA,11,0.0,0.0
KA,12,0.0,0.0
KA,13,0.0,0.0
KA,14,0.0,0.0
KA,15,0.0,0.0
KA,16,0.0,0.0
KA,17,0.0,0.0
KA,18,0.0,0.0
KA,19,0.0,0.0
KA,20,0.0,0.0
KA,21,0.0,0.0
KA,22,0.0,0.0
KA,23,0.0,0.0
KA,24,0.0,0.0
KA,25,0.0,0.0
KA,26,0.0,0.0
KA,27,0.0,0.0
KA,28,0.0,0.0
KA,29,0.0,0.0
KA,30,0.0,0.0
KA,31,0.0,0.0
KA,32,0.0,0.0
KA,33,0.0,0.0
KA,34,0.0,0.0
KA,35,0.0,0.0
KA,36,0.0,0.0
KA,37,0.0,0.0
KA,38,0.0,0.0
KA,39,0.0,0.0
KA,40,0.0,0.0
KA,41,0.0,0.0
KA,42,0.0,0.0
KA,43,0.0,0.0
KA,44,3810.0,0.0
KA,45,80775.0,0.0
KA,46,161853.0,0.0
KA,47,75083.0,0.0
KA,48,114149.0,15.0
KA,49,111109.0,117066.0
KA,50,64556.0,104609.0
KA,51,67269.0,23113.0
KA,52,316522.0,80994.0
KA,53,1003866.0,70724.0
KA,54,856080.0,46189.0
KA,55,1116446.0,36523.0
KA,56,1530544.0,85162.0
KA,57,947057.0,178371.0
KA,58,989996.0,410957.0
KA,59,739375.0,444730.0
KA,60,398587.0,421364.0
KA,61,350127.0,477435.0
KA,62,480735.0,119400.0
KA,63,1217660.0,104379.0
KA,64,1580584.0,141383.0
KA,65,1678867.0,144767.0
KA,66,1320335.0,208824.0
KA,67,2883750.0,317149.0
KA,68,1512669.0,504248.0
KA,69,1252304.0,627216.0
KA,70,1097069.0,595421.0
KA,71,934464.0,642256.0
KA,72,956340.0,626938.0
KA,73,1626937.0,766505.0
KA,74,1193412.0,541653.0
KL,1,0.0,0.0
KL,2,0.0,0.0
KL,3,0.0,0.0
KL,4,0.0,0.0
KL,5,0.0,0.0
KL,6,0.0,0.0
KL,7,0.0,0.0
KL,8,0.0,0.0
KL,9,0.0,0.0
KL,10,0.0,0.0
KL,11,0.0,0.0
KL,12,0.0,0.0
KL,13,0.0,0.0
KL,14,0.0,0.0
KL,15,0.0,0.0
KL,16,0.0,0.0
KL,17,0.0,0.0
KL,18,0.0,0.0
KL,19,0.0,0.0
KL,20,0.0,0.0
KL,21,0.0,0.0
KL,22,0.0,0.0
KL,23,0.0,0.0
KL,24,0.0,0.0
KL,25,0.0,0.0
KL,26,0.0,0.0
KL,27,0.0,0.0
KL,28,0.0,0.0
KL,29,0.0,0.0
KL,30,0.0,0.0
KL,31,0.0,0.0
KL,32,0.0,0.0
KL,33,0.0,0.0
KL,34,0.0,0.0
KL,35,0.0,0.0
KL,36,0.0,0.0
KL,37,0.0,0.0
KL,38,0.0,0.0
KL,39,0.0,0.0
KL,40,0.0,0.0
KL,41,0.0,0.0
KL,42,0.0,0.0
KL,43,0.0,0.0
KL,44,1681.0,0.0
KL,45,20263.0,0.0
KL,46,112281.0,0.0
KL,47,137506.0,0.0
KL,48,66436.0,0.0
KL,49,68561.0,38833.0
KL,50,82385.0,65387.0
KL,51,266903.0,82935.0
KL,52,286070.0,92459.0
KL,53,390816.0,70974.0
KL,54,467076.0,38955.0
KL,55,1516422.0,32540.0
KL,56,854454.0,70813.0
KL,57,887737.0,181061.0
KL,58,629977.0,365230.0
KL,59,281158.0,316503.0
KL,60,117554.0,409013.0
KL,61,238917.0,226940.0
KL,62,197568.0,28873.0
KL,63,546842.0,24248.0
KL,64,887365.0,112227.0
KL,65,885676.0,80716.0
KL,66,733256.0,188591.0
KL,67,829185.0,550951.0
KL,68,656728.0,624472.0
KL,69,381780.0,520910.0
KL,70,445090.0,538167.0
KL,71,887317.0,926404.0
KL,72,1234251.0,466643.0
KL,73,1305579.0,311750.0
KL,74,1864857.0,292218.0
LA,1,0.0,0.0
LA,2,0.0,0.0
LA,3,0.0,0.0
LA,4,0.0,0.0
LA,5,0.0,0.0
LA,6,0.0,0.0
LA,7,0.0,0.0
LA,8,0.0,0.0
LA,9,0.0,0.0
LA,10,0.0,0.0
LA,11,0.0,0.0
LA,12,0.0,0.0
LA,13,0.0,0.0
LA,14,0.0,0.0
LA,15,0.0,0.0
LA,16,0.0,0.0
LA,17,0.0,0.0
LA,18,0.0,0.0
LA,19,0.0,0.0
LA,20,0.0,0.0
LA,21,0.0,0.0
LA,22,0.0,0.0
LA,23,0.0,0.0
LA,24,0.0,0.0
LA,25,0.0,0.0
LA,26,0.0,0.0
LA,27,0.0,0.0
LA,28,0.0,0.0
LA,29,0.0,0.0
LA,30,0.0,0.0
LA,31,0.0,0.0
LA,32,0.0,0.0
LA,33,0.0,0.0
LA,34,0.0,0.0
LA,35,0.0,0.0
LA,36,0.0,0.0
LA,37,0.0,0.0
LA,38,0.0,0.0
LA,39,0.0,0.0
LA,40,0.0,0.0
LA,41,0.0,0.0
LA,42,0.0,0.0
LA,43,0.0,0.0
LA,44,9.0,0.0
LA,45,321.0,0.0
LA,46,629.0,0.0
LA,47,858.0,0.0
LA,48,1014.0,71.0
LA,49,2952.0,529.0
LA,50,3629.0,329.0
LA,51,4975.0,1049.0
LA,52,16350.0,926.0
LA,53,7582.0,2367.0
LA,54,1399.0,1382.0
LA,55,12989.0,-22.0
LA,56,11811.0,1282.0
LA,57,2639.0,2749.0
LA,58,4557.0,14163.0
LA,59,3270.0,9633.0
LA,60,8048.0,2030.0
LA,61,3613.0,764.0
LA,62,8160.0,7.0
LA,63,22031.0,20.0
LA,64,23530.0,33.0
LA,65,13316.0,69.0
LA,66,8127.0,96.0
LA,67,6862.0,9816.0
LA,68,5132.0,11037.0
LA,69,7582.0,2400.0
LA,70,3585.0,1439.0
LA,71,800.0,1102.0
LA,72,1311.0,4375.0
LA,73,1345.0,2313.0
LA,74,1109.0,2866.0
LD,1,0.0,0.0
LD,2,0.0,0.0
LD,3,0.0,0.0
LD,4,0.0,0.0
LD,5,0.0,0.0
LD,6,0.0,0.0
LD,7,0.0,0.0
LD,8,0.0,0.0
LD,9,0.0,0.0
LD,10,0.0,0.0
LD,11,0.0,0.0
LD,12,0.0,0.0
LD,13,0.0,0.0
LD,14,0.0,0.0
LD,15,0.0,0.0
LD,16,0.0,0.0
LD,17,0.0,0.0
LD,18,0.0,0.0
LD,19,0.0,0.0
LD,20,0.0,0.0
LD,21,0.0,0.0
LD,22,0.0,0.0
LD,23,0.0,0.0
LD,24,0.0,0.0
LD,25,0.0,0.0
LD,26,0.0,0.0
LD,27,0.0,0.0
LD,28,0.0,0.0
LD,29,0.0,0.0
LD,30,0.0,0.0
LD,31,0.0,0.0
LD,32,0.0,0.0
LD,33,0.0,0.0
LD,34,0.0,0.0
LD,35,0.0,0.0
LD,36,0.0,0.0
LD,37,0.0,0.0
LD,38,0.0,0.0
LD,39,0.0,0.0
LD,40,0.0,0.0
LD,41,0.0,0.0
LD,42,0.0,0.0
LD,43,0.0,0.0
LD,44,16.0,0.0
LD,45,718.0,0.0
LD,46,73.0,0.0
LD,47,26.0,0.0
LD,48,742.0,0.0
LD,49,114.0,81.0
LD,50,135.0,26.0
LD,51,115.0,32.0
LD,52,1066.0,720.0
LD,53,623.0,628.0
LD,54,539.0,194.0
LD,55,1411.0,140.0
LD,56,4572.0,736.0
LD,57,4011.0,427.0
LD,58,3092.0,785.0
LD,59,1917.0,505.0
LD,60,1070.0,1179.0
LD,61,1212.0,1353.0
LD,62,1654.0,115.0
LD,63,2086.0,23.0
LD,64,6130.0,28.0
LD,65,7684.0,105.0
LD,66,5120.0,81.0
LD,67,2127.0,325.0
LD,68,831.0,1065.0
LD,69,852.0,2122.0
LD,70,1010.0,2340.0
LD,71,692.0,1432.0
LD,72,600.0,1529.0
LD,73,613.0,890.0
LD,74,827.0,1014.0
MH,1,0.0,0.0
MH,2,0.0,0.0
MH,3,0.0,0.0
MH,4,0.0,0.0
MH,5,0.0,0.0
MH,6,0.0,0.0
MH,7,0.0,0.0
MH,8,0.0,0.0
MH,9,0.0,0.0
MH,10,0.0,0.0
MH,11,0.0,0.0
MH,12,0.0,0.0
MH,13,0.0,0.0
MH,14,0.0,0.0
MH,15,0.0,0.0
MH,16,0.0,0.0
MH,17,0.0,0.0
MH,18,0.0,0.0
MH,19,0.0,0.0
MH,20,0.0,0.0
MH,21,0.0,0.0
MH,22,0.0,0.0
MH,23,0.0,0.0
MH,24,0.0,0.0
MH,25,0.0,0.0
MH,26,0.0,0.0
MH,27,0.0,0.0
MH,28,0.0,0.0
MH,29,0.0,0.0
MH,30,0.0,0.0
MH,31,0.0,0.0
MH,32,0.0,0.0
MH,33,0.0,0.0
MH,34,0.0,0.0
MH,35,0.0,0.0
MH,36,0.0,0.0
MH,37,0.0,0.0
MH,38,0.0,0.0
MH,39,0.0,0.0
MH,40,0.0,0.0
MH,41,0.0,0.0
MH,42,0.0,0.0
MH,43,0.0,0.0
MH,44,5726.0,0.0
MH,45,63569.0,0.0
MH,46,164398.0,0.0
MH,47,202536.0,0.0
MH,48,216572.0,170.0
MH,49,215443.0,45244.0
MH,50,160121.0,113244.0
MH,51,296899.0,100919.0
MH,52,681065.0,152199.0
MH,53,942257.0,177480.0
MH,54,1073250.0,128956.0
MH,55,2474201.0,74323.0
MH,56,2473839.0,160842.0
MH,57,1879952.0,335766.0
MH,58,1477045.0,613961.0
MH,59,1310209.0,752567.0
MH,60,991799.0,662868.0
MH,61,1077530.0,888011.0
MH,62,627715.0,181306.0
MH,63,1375447.0,133559.0
MH,64,1568454.0,250105.0
MH,65,1415689.0,401441.0
MH,66,1440773.0,309258.0
MH,67,2912137.0,503333.0
MH,68,2025706.0,870945.0
MH,69,1527907.0,887485.0
MH,70,1738839.0,1298785.0
MH,71,1017462.0,801039.0
MH,72,1811093.0,1348164.0
MH,73,1571135.0,755234.0
MH,74,1644580.0,866488.0
ML,1,0.0,0.0
ML,2,0.0,0.0
ML,3,0.0,0.0
ML,4,0.0,0.0
ML,5,0.0,0.0
ML,6,0.0,0.0
ML,7,0.0,0.0
ML,8,0.0,0.0
ML,9,0.0,0.0
ML,10,0.0,0.0
ML,11,0.0,0.0
ML,12,0.0,0.0
ML,13,0.0,0.0
ML,14,0.0,0.0
ML,15,0.0,0.0
ML,16,0.0,0.0
ML,17,0.0,0.0
ML,18,0.0,0.0
ML,19,0.0,0.0
ML,20,0.0,0.0
ML,21,0.0,0.0
ML,22,0.0,0.0
ML,23,0.0,0.0
ML,24,0.0,0.0
ML,25,0.0,0.0
ML,26,0.0,0.0
ML,27,0.0,0.0
ML,28,0.0,0.0
ML,29,0.0,0.0
ML,30,0.0,0.0
ML,31,0.0,0.0
ML,32,0.0,0.0
ML,33,0.0,0.0
ML,34,0.0,0.0
ML,35,0.0,0.0
ML,36,0.0,0.0
ML,37,0.0,0.0
ML,38,0.0,0.0
ML,39,0.0,0.0
ML,40,0.0,0.0
ML,41,0.0,0.0
ML,42,0.0,0.0
ML,43,0.0,0.0
ML,44,102.0,0.0
ML,45,607.0,0.0
ML,46,2361.0,0.0
ML,47,2515.0,0.0
ML,48,7320.0,91.0
ML,49,16523.0,1592.0
ML,50,10786.0,1923.0
ML,51,7128.0,1902.0
ML,52,10312.0,5466.0
ML,53,10290.0,10536.0
ML,54,10160.0,10000.0
ML,55,7139.0,1367.0
ML,56,17841.0,5365.0
ML,57,22441.0,5708.0
ML,58,32140.0,7907.0
ML,59,79815.0,8679.0
ML,60,37901.0,7371.0
ML,61,51381.0,6154.0
ML,62,33455.0,92.0
ML,63,29111.0,168.0
ML,64,12953.0,141.0
ML,65,24645.0,226.0
ML,66,87909.0,383.0
ML,67,72202.0,1434.0
ML,68,62869.0,6993.0
ML,69,62582.0,14007.0
ML,70,64914.0,22242.0
ML,71,58666.0,44507.0
ML,72,52216.0,34162.0
ML,73,44129.0,27889.0
ML,74,36387.0,31054.0
MN,1,0.0,0.0
MN,2,0.0,0.0
MN,3,0.0,0.0
MN,4,0.0,0.0
MN,5,0.0,0.0
MN,6,0.0,0.0
MN,7,0.0,0.0
MN,8,0.0,0.0
MN,9,0.0,0.0
MN,10,0.0,0.0
MN,11,0.0,0.0
MN,12,0.0,0.0
MN,13,0.0,0.0
MN,14,0.0,0.0
MN,15,0.0,0.0
MN,16,0.0,0.0
MN,17,0.0,0.0
MN,18,0.0,0.0
MN,19,0.0,0.0
MN,20,0.0,0.0
MN,21,0.0,0.0
MN,22,0.0,0.0
MN,23,0.0,0.0
MN,24,0.0,0.0
MN,25,0.0,0.0
MN,26,0.0,0.0
MN,27,0.0,0.0
MN,28,0.0,0.0
MN,29,0.0,0.0
MN,30,0.0,0.0
MN,31,0.0,0.0
MN,32,0.0,0.0
MN,33,0.0,0.0
MN,34,0.0,0.0
MN,35,0.0,0.0
MN,36,0.0,0.0
MN,37,0.0,0.0
MN,38,0.0,0.0
MN,39,0.0,0.0
MN,40,0.0,0.0
MN,41,0.0,0.0
MN,42,0.0,0.0
MN,43,0.0,0.0
MN,44,181.0,0.0
MN,45,916.0,0.0
MN,46,1836.0,0.0
MN,47,4048.0,0.0
MN,48,13830.0,55.0
MN,49,16712.0,1299.0
MN,50,10789.0,899.0
MN,51,13567.0,2286.0
MN,52,7923.0,5503.0
MN,53,5794.0,9586.0
MN,54,5835.0,10125.0
MN,55,1764.0,4015.0
MN,56,5619.0,9618.0
MN,57,13302.0,6624.0
MN,58,22319.0,5755.0
MN,59,77829.0,5937.0
MN,60,61348.0,5193.0
MN,61,43660.0,2830.0
MN,62,36440.0,341.0
MN,63,36977.0,270.0
MN,64,40799.0,580.0
MN,65,44617.0,516.0
MN,66,26947.0,711.0
MN,67,37680.0,905.0
MN,68,113145.0,2642.0
MN,69,132645.0,8924.0
MN,70,146530.0,19403.0
MN,71,106194.0,53225.0
MN,72,79047.0,48176.0
MN,73,42589.0,33042.0
MN,74,23004.0,27890.0
MP,1,0.0,0.0
MP,2,0.0,0.0
MP,3,0.0,0.0
MP,4,0.0,0.0
MP,5,0.0,0.0
MP,6,0.0,0.0
MP,7,0.0,0.0
MP,8,0.0,0.0
MP,9,0.0,0.0
MP,10,0.0,0.0
MP,11,0.0,0.0
MP,12,0.0,0.0
MP,13,0.0,0.0
MP,14,0.0,0.0
MP,15,0.0,0.0
MP,16,0.0,0.0
MP,17,0.0,0.0
MP,18,0.0,0.0
MP,19,0.0,0.0
MP,20,0.0,0.0
MP,21,0.0,0.0
MP,22,0.0,0.0
MP,23,0.0,0.0
MP,24,0.0,0.0
MP,25,0.0,0.0
MP,26,0.0,0.0
MP,27,0.0,0.0
MP,28,0.0,0.0
MP,29,0.0,0.0
MP,30,0.0,0.0
MP,31,0.0,0.0
MP,32,0.0,0.0
MP,33,0.0,0.0
MP,34,0.0,0.0
MP,35,0.0,0.0
MP,36,0.0,0.0
MP,37,0.0,0.0
MP,38,0.0,0.0
MP,39,0.0,0.0
MP,40,0.0,0.0
MP,41,0.0,0.0
MP,42,0.0,0.0
MP,43,0.0,0.0
MP,44,9435.0,0.0
MP,45,28993.0,0.0
MP,46,246354.0,0.0
MP,47,48050.0,0.0
MP,48,215440.0,3.0
MP,49,83365.0,3806.0
MP,50,13079.0,155853.0
MP,51,173094.0,72374.0
MP,52,244648.0,102524.0
MP,53,721547.0,121546.0
MP,54,762733.0,40898.0
MP,55,964061.0,35577.0
MP,56,1355695.0,65850.0
MP,57,1680423.0,158824.0
MP,58,395867.0,195346.0
MP,59,100502.0,151316.0
MP,60,158351.0,328523.0
MP,61,271204.0,258266.0
MP,62,554907.0,62412.0
MP,63,1070688.0,31114.0
MP,64,1698452.0,48389.0
MP,65,1159215.0,109117.0
MP,66,1008031.0,112871.0
MP,67,4480345.0,302148.0
MP,68,1337997.0,455718.0
MP,69,1345678.0,976357.0
MP,70,1040003.0,225132.0
MP,71,2118982.0,534334.0
MP,72,3543073.0,620699.0
MP,73,2381061.0,472778.0
MP,74,2453364.0,451853.0
MZ,1,0.0,0.0
MZ,2,0.0,0.0
MZ,3,0.0,0.0
MZ,4,0.0,0.0
MZ,5,0.0,0.0
MZ,6,0.0,0.0
MZ,7,0.0,0.0
MZ,8,0.0,0.0
MZ,9,0.0,0.0
MZ,10,0.0,0.0
MZ,11,0.0,0.0
MZ,12,0.0,0.0
MZ,13,0.0,0.0
MZ,14,0.0,0.0
MZ,15,0.0,0.0
MZ,16,0.0,0.0
MZ,17,0.0,0.0
MZ,18,0.0,0.0
MZ,19,0.0,0.0
MZ,20,0.0,0.0
MZ,21,0.0,0.0
MZ,22,0.0,0.0
MZ,23,0.0,0.0
MZ,24,0.0,0.0
MZ,25,0.0,0.0
MZ,26,0.0,0.0
MZ,27,0.0,0.0
MZ,28,0.0,0.0
MZ,29,0.0,0.0
MZ,30,0.0,0.0
MZ,31,0.0,0.0
MZ,32,0.0,0.0
MZ,33,0.0,0.0
MZ,34,0.0,0.0
MZ,35,0.0,0.0
MZ,36,0.0,0.0
MZ,37,0.0,0.0
MZ,38,0.0,0.0
MZ,39,0.0,0.0
MZ,40,0.0,0.0
MZ,41,0.0,0.0
MZ,42,0.0,0.0
MZ,43,0.0,0.0
MZ,44,105.0,0.0
MZ,45,1765.0,0.0
MZ,46,6107.0,0.0
MZ,47,1493.0,0.0
MZ,48,709.0,75.0
MZ,49,4505.0,2159.0
MZ,50,7238.0,3398.0
MZ,51,12105.0,3543.0
MZ,52,11726.0,939.0
MZ,53,6739.0,2017.0
MZ,54,3005.0,1460.0
MZ,55,1012.0,1015.0
MZ,56,17093.0,6977.0
MZ,57,48566.0,10105.0
MZ,58,48597.0,8657.0
MZ,59,43101.0,4472.0
MZ,60,17299.0,2215.0
MZ,61,7638.0,3935.0
MZ,62,13396.0,16.0
MZ,63,10097.0,104.0
MZ,64,10024.0,128.0
MZ,65,19548.0,1104.0
MZ,66,84164.0,335.0
MZ,67,121109.0,586.0
MZ,68,43352.0,6433.0
MZ,69,42814.0,28389.0
MZ,70,25979.0,39446.0
MZ,71,17275.0,44035.0
MZ,72,12487.0,25407.0
MZ,73,14266.0,8002.0
MZ,74,6795.0,12739.0
NL,1,0.0,0.0
NL,2,0.0,0.0
NL,3,0.0,0.0
NL,4,0.0,0.0
NL,5,0.0,0.0
NL,6,0.0,0.0
NL,7,0.0,0.0
NL,8,0.0,0.0
NL,9,0.0,0.0
NL,10,0.0,0.0
NL,11,0.0,0.0
NL,12,0.0,0.0
NL,13,0.0,0.0
NL,14,0.0,0.0
NL,15,0.0,0.0
NL,16,0.0,0.0
NL,17,0.0,0.0
NL,18,0.0,0.0
NL,19,0.0,0.0
NL,20,0.0,0.0
NL,21,0.0,0.0
NL,22,0.0,0.0
NL,23,0.0,0.0
NL,24,0.0,0.0
NL,25,0.0,0.0
NL,26,0.0,0.0
NL,27,0.0,0.0
NL,28,0.0,0.0
NL,29,0.0,0.0
NL,30,0.0,0.0
NL,31,0.0,0.0
NL,32,0.0,0.0
NL,33,0.0,0.0
NL,34,0.0,0.0
NL,35,0.0,0.0
NL,36,0.0,0.0
NL,37,0.0,0.0
NL,38,0.0,0.0
NL,39,0.0,0.0
NL,40,0.0,0.0
NL,41,0.0,0.0
NL,42,0.0,0.0
NL,43,0.0,0.0
NL,44,94.0,0.0
NL,45,1480.0,0.0
NL,46,1955.0,0.0
NL,47,563.0,0.0
NL,48,4949.0,0.0
NL,49,10760.0,3438.0
NL,50,7607.0,1562.0
NL,51,4492.0,549.0
NL,52,6971.0,3567.0
NL,53,7507.0,5901.0
NL,54,8497.0,5999.0
NL,55,5098.0,1487.0
NL,56,15361.0,3643.0
NL,57,33191.0,4381.0
NL,58,28707.0,4520.0
NL,59,22323.0,5243.0
NL,60,12673.0,6099.0
NL,61,9820.0,5388.0
NL,62,13442.0,78.0
NL,63,15068.0,75.0
NL,64,19283.0,119.0
NL,65,50681.0,299.0
NL,66,61452.0,700.0
NL,67,61613.0,1797.0
NL,68,52805.0,9622.0
NL,69,45765.0,23291.0
NL,70,42855.0,25080.0
NL,71,47226.0,22436.0
NL,72,23702.0,13892.0
NL,73,13878.0,7811.0
NL,74,9561.0,10963.0
OR,1,0.0,0.0
OR,2,0.0,0.0
OR,3,0.0,0.0
OR,4,0.0,0.0
OR,5,0.0,0.0
OR,6,0.0,0.0
OR,7,0.0,0.0
OR,8,0.0,0.0
OR,9,0.0,0.0
OR,10,0.0,0.0
OR,11,0.0,0.0
OR,12,0.0,0.0
OR,13,0.0,0.0
OR,14,0.0,0.0
OR,15,0.0,0.0
OR,16,0.0,0.0
OR,17,0.0,0.0
OR,18,0.0,0.0
OR,19,0.0,0.0
OR,20,0.0,0.0
OR,21,0.0,0.0
OR,22,0.0,0.0
OR,23,0.0,0.0
OR,24,0.0,0.0
OR,25,0.0,0.0
OR,26,0.0,0.0
OR,27,0.0,0.0
OR,28,0.0,0.0
OR,29,0.0,0.0
OR,30,0.0,0.0
OR,31,0.0,0.0
OR,32,0.0,0.0
OR,33,0.0,0.0
OR,34,0.0,0.0
OR,35,0.0,0.0
OR,36,0.0,0.0
OR,37,0.0,0.0
OR,38,0.0,0.0
OR,39,0.0,0.0
OR,40,0.0,0.0
OR,41,0.0,0.0
OR,42,0.0,0.0
OR,43,0.0,0.0
OR,44,3420.0,0.0
OR,45,85672.0,0.0
OR,46,69237.0,0.0
OR,47,62072.0,0.0
OR,48,139802.0,3.0
OR,49,59049.0,70538.0
OR,50,21283.0,62750.0
OR,51,138775.0,31964.0
OR,52,221962.0,104007.0
OR,53,510834.0,53989.0
OR,54,430553.0,26073.0
OR,55,650768.0,45388.0
OR,56,1210986.0,88834.0
OR,57,656520.0,119490.0
OR,58,472718.0,190291.0
OR,59,204496.0,140252.0
OR,60,118250.0,200530.0
OR,61,199788.0,271268.0
OR,62,403837.0,35874.0
OR,63,578266.0,29373.0
OR,64,539813.0,34276.0
OR,65,569870.0,124846.0
OR,66,671263.0,176927.0
OR,67,1497362.0,215934.0
OR,68,479221.0,183594.0
OR,69,730829.0,510608.0
OR,70,463002.0,355093.0
OR,71,597236.0,536092.0
OR,72,796722.0,307479.0
OR,73,1143479.0,234799.0
OR,74,1282572.0,324652.0
PB,1,0.0,0.0
PB,2,0.0,0.0
PB,3,0.0,0.0
PB,4,0.0,0.0
PB,5,0.0,0.0
PB,6,0.0,0.0
PB,7,0.0,0.0
PB,8,0.0,0.0
PB,9,0.0,0.0
PB,10,0.0,0.0
PB,11,0.0,0.0
PB,12,0.0,0.0
PB,13,0.0,0.0
PB,14,0.0,0.0
PB,15,0.0,0.0
PB,16,0.0,0.0
PB,17,0.0,0.0
PB,18,0.0,0.0
PB,19,0.0,0.0
PB,20,0.0,0.0
PB,21,0.0,0.0
PB,22,0.0,0.0
PB,23,0.0,0.0
PB,24,0.0,0.0
PB,25,0.0,0.0
PB,26,0.0,0.0
PB,27,0.0,0.0
PB,28,0.0,0.0
PB,29,0.0,0.0
PB,30,0.0,0.0
PB,31,0.0,0.0
PB,32,0.0,0.0
PB,33,0.0,0.0
PB,34,0.0,0.0
PB,35,0.0,0.0
PB,36,0.0,0.0
PB,37,0.0,0.0
PB,38,0.0,0.0
PB,39,0.0,0.0
PB,40,0.0,0.0
PB,41,0.0,0.0
PB,42,0.0,0.0
PB,43,0.0,0.0
PB,44,339.0,0.0
PB,45,16180.0,0.0
PB,46,29129.0,0.0
PB,47,18751.0,0.0
PB,48,27589.0,62.0
PB,49,24720.0,12229.0
PB,50,32491.0,20203.0
PB,51,59316.0,13338.0
PB,52,85862.0,18972.0
PB,53,151231.0,19958.0
PB,54,207963.0,16206.0
PB,55,380030.0,17945.0
PB,56,584632.0,32394.0
PB,57,527457.0,55250.0
PB,58,470970.0,101050.0
PB,59,405841.0,135508.0
PB,60,251366.0,142759.0
PB,61,215032.0,120393.0
PB,62,154749.0,20148.0
PB,63,163372.0,35310.0
PB,64,272281.0,31263.0
PB,65,290780.0,24039.0
PB,66,165350.0,33066.0
PB,67,611485.0,117069.0
PB,68,564016.0,216170.0
PB,69,334440.0,158426.0
PB,70,440082.0,208682.0
PB,71,234134.0,199921.0
PB,72,472618.0,212914.0
PB,73,668889.0,239647.0
PB,74,544924.0,315711.0
PY,1,0.0,0.0
PY,2,0.0,0.0
PY,3,0.0,0.0
PY,4,0.0,0.0
PY,5,0.0,0.0
PY,6,0.0,0.0
PY,7,0.0,0.0
PY,8,0.0,0.0
PY,9,0.0,0.0
PY,10,0.0,0.0
PY,11,0.0,0.0
PY,12,0.0,0.0
PY,13,0.0,0.0
PY,14,0.0,0.0
PY,15,0.0,0.0
PY,16,0.0,0.0
PY,17,0.0,0.0
PY,18,0.0,0.0
PY,19,0.0,0.0
PY,20,0.0,0.0
PY,21,0.0,0.0
PY,22,0.0,0.0
PY,23,0.0,0.0
PY,24,0.0,0.0
PY,25,0.0,0.0
PY,26,0.0,0.0
PY,27,0.0,0.0
PY,28,0.0,0.0
PY,29,0.0,0.0
PY,30,0.0,0.0
PY,31,0.0,0.0
PY,32,0.0,0.0
PY,33,0.0,0.0
PY,34,0.0,0.0
PY,35,0.0,0.0
PY,36,0.0,0.0
PY,37,0.0,0.0
PY,38,0.0,0.0
PY,39,0.0,0.0
PY,40,0.0,0.0
PY,41,0.0,0.0
PY,42,0.0,0.0
PY,43,0.0,0.0
PY,44,92.0,0.0
PY,45,721.0,0.0
PY,46,1256.0,0.0
PY,47,915.0,0.0
PY,48,2259.0,68.0
PY,49,3740.0,739.0
PY,50,1066.0,398.0
PY,51,4916.0,1011.0
PY,52,8444.0,1400.0
PY,53,14880.0,1801.0
PY,54,17829.0,942.0
PY,55,18143.0,1320.0
PY,56,12935.0,1936.0
PY,57,62923.0,4104.0
PY,58,11770.0,6185.0
PY,59,8532.0,9243.0
PY,60,6300.0,10890.0
PY,61,6317.0,10418.0
PY,62,10720.0,405.0
PY,63,18689.0,287.0
PY,64,22439.0,518.0
PY,65,37002.0,1191.0
PY,66,82298.0,3087.0
PY,67,62436.0,6926.0
PY,68,37659.0,9195.0
PY,69,25635.0,35009.0
PY,70,37986.0,20767.0
PY,71,27745.0,10740.0
PY,72,26086.0,6912.0
PY,73,24601.0,4988.0
PY,74,19944.0,6756.0
RJ,1,0.0,0.0
RJ,2,0.0,0.0
RJ,3,0.0,0.0
RJ,4,0.0,0.0
RJ,5,0.0,0.0
RJ,6,0.0,0.0
RJ,7,0.0,0.0
RJ,8,0.0,0.0
RJ,9,0.0,0.0
RJ,10,0.0,0.0
RJ,11,0.0,0.0
RJ,12,0.0,0.0
RJ,13,0.0,0.0
RJ,14,0.0,0.0
RJ,15,0.0,0.0
RJ,16,0.0,0.0
RJ,17,0.0,0.0
RJ,18,0.0,0.0
RJ,19,0.0,0.0
RJ,20,0.0,0.0
RJ,21,0.0,0.0
RJ,22,0.0,0.0
RJ,23,0.0,0.0
RJ,24,0.0,0.0
RJ,25,0.0,0.0
RJ,26,0.0,0.0
RJ,27,0.0,0.0
RJ,28,0.0,0.0
RJ,29,0.0,0.0
RJ,30,0.0,0.0
RJ,31,0.0,0.0
RJ,32,0.0,0.0
RJ,33,0.0,0.0
RJ,34,0.0,0.0
RJ,35,0.0,0.0
RJ,36,0.0,0.0
RJ,37,0.0,0.0
RJ,38,0.0,0.0
RJ,39,0.0,0.0
RJ,40,0.0,0.0
RJ,41,0.0,0.0
RJ,42,0.0,0.0
RJ,43,0.0,0.0
RJ,44,3285.0,0.0
RJ,45,44630.0,0.0
RJ,46,260008.0,0.0
RJ,47,126859.0,0.0
RJ,48,150788.0,0.0
RJ,49,187668.0,36825.0
RJ,50,16240.0,184117.0
RJ,51,915155.0,98478.0
RJ,52,648245.0,124376.0
RJ,53,1127685.0,189443.0
RJ,54,1112215.0,27122.0
RJ,55,975225.0,141525.0
RJ,56,2880719.0,312989.0
RJ,57,881931.0,250727.0
RJ,58,967612.0,543249.0
RJ,59,537635.0,339558.0
RJ,60,599274.0,403010.0
RJ,61,716229.0,332660.0
RJ,62,767046.0,41975.0
RJ,63,750240.0,65050.0
RJ,64,776273.0,126025.0
RJ,65,1828120.0,116780.0
RJ,66,1206696.0,55582.0
RJ,67,2710837.0,407036.0
RJ,68,1138425.0,540541.0
RJ,69,334966.0,330302.0
RJ,70,1161326.0,847280.0
RJ,71,1095512.0,763765.0
RJ,72,1051186.0,1218175.0
RJ,73,1738717.0,747531.0
RJ,74,1821035.0,739438.0
SK,1,0.0,0.0
SK,2,0.0,0.0
SK,3,0.0,0.0
SK,4,0.0,0.0
SK,5,0.0,0.0
SK,6,0.0,0.0
SK,7,0.0,0.0
SK,8,0.0,0.0
SK,9,0.0,0.0
SK,10,0.0,0.0
SK,11,0.0,0.0
SK,12,0.0,0.0
SK,13,0.0,0.0
SK,14,0.0,0.0
SK,15,0.0,0.0
SK,16,0.0,0.0
SK,17,0.0,0.0
SK,18,0.0,0.0
SK,19,0.0,0.0
SK,20,0.0,0.0
SK,21,0.0,0.0
SK,22,0.0,0.0
SK,23,0.0,0.0
SK,24,0.0,0.0
SK,25,0.0,0.0
SK,26,0.0,0.0
SK,27,0.0,0.0
SK,28,0.0,0.0
SK,29,0.0,0.0
SK,30,0.0,0.0
SK,31,0.0,0.0
SK,32,0.0,0.0
SK,33,0.0,0.0
SK,34,0.0,0.0
SK,35,0.0,0.0
SK,36,0.0,0.0
SK,37,0.0,0.0
SK,38,0.0,0.0
SK,39,0.0,0.0
SK,40,0.0,0.0
SK,41,0.0,0.0
SK,42,0.0,0.0
SK,43,0.0,0.0
SK,44,7.0,0.0
SK,45,292.0,0.0
SK,46,1408.0,0.0
SK,47,3382.0,0.0
SK,48,2953.0,0.0
SK,49,4180.0,699.0
SK,50,5425.0,766.0
SK,51,7574.0,2791.0
SK,52,13895.0,3329.0
SK,53,12503.0,2529.0
SK,54,8783.0,2809.0
SK,55,5816.0,-261.0
SK,56,33745.0,2576.0
SK,57,39431.0,5491.0
SK,58,14185.0,11141.0
SK,59,7785.0,11726.0
SK,60,3408.0,10773.0
SK,61,1428.0,5225.0
SK,62,8466.0,43.0
SK,63,4572.0,16.0
SK,64,676.0,61.0
SK,65,33676.0,85.0
SK,66,85132.0,112.0
SK,67,72812.0,1686.0
SK,68,44863.0,23584.0
SK,69,25728.0,33281.0
SK,70,22258.0,17637.0
SK,71,17658.0,8405.0
SK,72,8590.0,3601.0
SK,73,6523.0,2638.0
SK,74,3675.0,7299.0
TG,1,0.0,0.0
TG,2,0.0,0.0
TG,3,0.0,0.0
TG,4,0.0,0.0
TG,5,0.0,0.0
TG,6,0.0,0.0
TG,7,0.0,0.0
TG,8,0.0,0.0
TG,9,0.0,0.0
TG,10,0.0,0.0
TG,11,0.0,0.0
TG,12,0.0,0.0
TG,13,0.0,0.0
TG,14,0.0,0.0
TG,15,0.0,0.0
TG,16,0.0,0.0
TG,17,0.0,0.0
TG,18,0.0,0.0
TG,19,0.0,0.0
TG,20,0.0,0.0
TG,21,0.0,0.0
TG,22,0.0,0.0
TG,23,0.0,0.0
TG,24,0.0,0.0
TG,25,0.0,0.0
TG,26,0.0,0.0
TG,27,0.0,0.0
TG,28,0.0,0.0
TG,29,0.0,0.0
TG,30,0.0,0.0
TG,31,0.0,0.0
TG,32,0.0,0.0
TG,33,0.0,0.0
TG,34,0.0,0.0
TG,35,0.0,0.0
TG,36,0.0,0.0
TG,37,0.0,0.0
TG,38,0.0,0.0
TG,39,0.0,0.0
TG,40,0.0,0.0
TG,41,0.0,0.0
TG,42,0.0,0.0
TG,43,0.0,0.0
TG,44,465.0,0.0
TG,45,25718.0,0.0
TG,46,68817.0,0.0
TG,47,40977.0,0.0
TG,48,73813.0,1929.0
TG,49,67727.0,77733.0
TG,50,13908.0,48002.0
TG,51,70657.0,31052.0
TG,52,101039.0,49366.0
TG,53,136218.0,11761.0
TG,54,185426.0,10709.0
TG,55,401078.0,18384.0
TG,56,577584.0,47562.0
TG,57,821537.0,70783.0
TG,58,915083.0,136500.0
TG,59,657886.0,125830.0
TG,60,230705.0,184711.0
TG,61,61390.0,249388.0
TG,62,3397.0,9671.0
TG,63,219348.0,171938.0
TG,64,602025.0,56939.0
TG,65,1213222.0,40586.0
TG,66,1196291.0,42555.0
TG,67,1165899.0,91356.0
TG,68,1089154.0,215383.0
TG,69,478232.0,285436.0
TG,70,450695.0,421780.0
TG,71,201798.0,541368.0
TG,72,179307.0,542890.0
TG,73,340091.0,410166.0
TG,74,484202.0,258336.0
TN,1,0.0,0.0
TN,2,0.0,0.0
TN,3,0.0,0.0
TN,4,0.0,0.0
TN,5,0.0,0.0
TN,6,0.0,0.0
TN,7,0.0,0.0
TN,8,0.0,0.0
TN,9,0.0,0.0
TN,10,0.0,0.0
TN,11,0.0,0.0
TN,12,0.0,0.0
TN,13,0.0,0.0
TN,14,0.0,0.0
TN,15,0.0,0.0
TN,16,0.0,0.0
TN,17,0.0,0.0
TN,18,0.0,0.0
TN,19,0.0,0.0
TN,20,0.0,0.0
TN,21,0.0,0.0
TN,22,0.0,0.0
TN,23,0.0,0.0
TN,24,0.0,0.0
TN,25,0.0,0.0
TN,26,0.0,0.0
TN,27,0.0,0.0
TN,28,0.0,0.0
TN,29,0.0,0.0
TN,30,0.0,0.0
TN,31,0.0,0.0
TN,32,0.0,0.0
TN,33,0.0,0.0
TN,34,0.0,0.0
TN,35,0.0,0.0
TN,36,0.0,0.0
TN,37,0.0,0.0
TN,38,0.0,0.0
TN,39,0.0,0.0
TN,40,0.0,0.0
TN,41,0.0,0.0
TN,42,0.0,0.0
TN,43,0.0,0.0
TN,44,1170.0,0.0
TN,45,29957.0,0.0
TN,46,45807.0,0.0
TN,47,49447.0,0.0
TN,48,68822.0,667.0
TN,49,60715.0,13288.0
TN,50,28722.0,21371.0
TN,51,269803.0,29846.0
TN,52,530641.0,53967.0
TN,53,664353.0,63496.0
TN,54,642748.0,46826.0
TN,55,429242.0,51001.0
TN,56,452737.0,110669.0
TN,57,789479.0,214270.0
TN,58,313018.0,345853.0
TN,59,295046.0,407923.0
TN,60,223744.0,291633.0
TN,61,267383.0,260422.0
TN,62,251669.0,50630.0
TN,63,1367236.0,51170.0
TN,64,1142961.0,81141.0
TN,65,578645.0,50912.0
TN,66,1735059.0,115425.0
TN,67,2181657.0,209470.0
TN,68,1502143.0,243981.0
TN,69,542310.0,226213.0
TN,70,1460195.0,517402.0
TN,71,1319775.0,325693.0
TN,72,1591118.0,417321.0
TN,73,1672023.0,417941.0
TN,74,1240484.0,280844.0
TR,1,0.0,0.0
TR,2,0.0,0.0
TR,3,0.0,0.0
TR,4,0.0,0.0
TR,5,0.0,0.0
TR,6,0.0,0.0
TR,7,0.0,0.0
TR,8,0.0,0.0
TR,9,0.0,0.0
TR,10,0.0,0.0
TR,11,0.0,0.0
TR,12,0.0,0.0
TR,13,0.0,0.0
TR,14,0.0,0.0
TR,15,0.0,0.0
TR,16,0.0,0.0
TR,17,0.0,0.0
TR,18,0.0,0.0
TR,19,0.0,0.0
TR,20,0.0,0.0
TR,21,0.0,0.0
TR,22,0.0,0.0
TR,23,0.0,0.0
TR,24,0.0,0.0
TR,25,0.0,0.0
TR,26,0.0,0.0
TR,27,0.0,0.0
TR,28,0.0,0.0
TR,29,0.0,0.0
TR,30,0.0,0.0
TR,31,0.0,0.0
TR,32,0.0,0.0
TR,33,0.0,0.0
TR,34,0.0,0.0
TR,35,0.0,0.0
TR,36,0.0,0.0
TR,37,0.0,0.0
TR,38,0.0,0.0
TR,39,0.0,0.0
TR,40,0.0,0.0
TR,41,0.0,0.0
TR,42,0.0,0.0
TR,43,0.0,0.0
TR,44,107.0,0.0
TR,45,3242.0,0.0
TR,46,17993.0,0.0
TR,47,10893.0,0.0
TR,48,29275.0,334.0
TR,49,19365.0,11080.0
TR,50,7214.0,9588.0
TR,51,18629.0,7932.0
TR,52,25927.0,18620.0
TR,53,116361.0,19131.0
TR,54,303750.0,8267.0
TR,55,83174.0,3923.0
TR,56,85000.0,12390.0
TR,57,45278.0,22711.0
TR,58,54367.0,77270.0
TR,59,86924.0,162825.0
TR,60,45448.0,111604.0
TR,61,32583.0,40986.0
TR,62,59022.0,334.0
TR,63,36084.0,578.0
TR,64,46963.0,471.0
TR,65,19783.0,4493.0
TR,66,236415.0,24532.0
TR,67,510210.0,36598.0
TR,68,104894.0,40919.0
TR,69,59108.0,32856.0
TR,70,82326.0,44761.0
TR,71,69473.0,49589.0
TR,72,150211.0,43390.0
TR,73,45271.0,14927.0
TR,74,28407.0,26677.0
UP,1,0.0,0.0
UP,2,0.0,0.0
UP,3,0.0,0.0
UP,4,0.0,0.0
UP,5,0.0,0.0
UP,6,0.0,0.0
UP,7,0.0,0.0
UP,8,0.0,0.0
UP,9,0.0,0.0
UP,10,0.0,0.0
UP,11,0.0,0.0
UP,12,0.0,0.0
UP,13,0.0,0.0
UP,14,0.0,0.0
UP,15,0.0,0.0
UP,16,0.0,0.0
UP,17,0.0,0.0
UP,18,0.0,0.0
UP,19,0.0,0.0
UP,20,0.0,0.0
UP,21,0.0,0.0
UP,22,0.0,0.0
UP,23,0.0,0.0
UP,24,0.0,0.0
UP,25,0.0,0.0
UP,26,0.0,0.0
UP,27,0.0,0.0
UP,28,0.0,0.0
UP,29,0.0,0.0
UP,30,0.0,0.0
UP,31,0.0,0.0
UP,32,0.0,0.0
UP,33,0.0,0.0
UP,34,0.0,0.0
UP,35,0.0,0.0
UP,36,0.0,0.0
UP,37,0.0,0.0
UP,38,0.0,0.0
UP,39,0.0,0.0
UP,40,0.0,0.0
UP,41,0.0,0.0
UP,42,0.0,0.0
UP,43,0.0,0.0
UP,44,2212.0,0.0
UP,45,28432.0,0.0
UP,46,402396.0,0.0
UP,47,205067.0,0.0
UP,48,226272.0,2.0
UP,49,272211.0,100269.0
UP,50,144485.0,287282.0
UP,51,204710.0,141651.0
UP,52,544744.0,91884.0
UP,53,1272671.0,274272.0
UP,54,1081781.0,125298.0
UP,55,1126447.0,45615.0
UP,56,1744325.0,171815.0
UP,57,1846548.0,371808.0
UP,58,677399.0,387326.0
UP,59,551585.0,372185.0
UP,60,583469.0,410587.0
UP,61,808617.0,480241.0
UP,62,1182001.0,84511.0
UP,63,1639131.0,105051.0
UP,64,2080422.0,177414.0
UP,65,2559576.0,167611.0
UP,66,2403130.0,228355.0
UP,67,4542151.0,298371.0
UP,68,1646890.0,498300.0
UP,69,3591625.0,977354.0
UP,70,2461828.0,724122.0
UP,71,3349507.0,687771.0
UP,72,3306246.0,581056.0
UP,73,4712487.0,601298.0
UP,74,3049900.0,788694.0
UT,1,0.0,0.0
UT,2,0.0,0.0
UT,3,0.0,0.0
UT,4,0.0,0.0
UT,5,0.0,0.0
UT,6,0.0,0.0
UT,7,0.0,0.0
UT,8,0.0,0.0
UT,9,0.0,0.0
UT,10,0.0,0.0
UT,11,0.0,0.0
UT,12,0.0,0.0
UT,13,0.0,0.0
UT,14,0.0,0.0
UT,15,0.0,0.0
UT,16,0.0,0.0
UT,17,0.0,0.0
UT,18,0.0,0.0
UT,19,0.0,0.0
UT,20,0.0,0.0
UT,21,0.0,0.0
UT,22,0.0,0.0
UT,23,0.0,0.0
UT,24,0.0,0.0
UT,25,0.0,0.0
UT,26,0.0,0.0
UT,27,0.0,0.0
UT,28,0.0,0.0
UT,29,0.0,0.0
UT,30,0.0,0.0
UT,31,0.0,0.0
UT,32,0.0,0.0
UT,33,0.0,0.0
UT,34,0.0,0.0
UT,35,0.0,0.0
UT,36,0.0,0.0
UT,37,0.0,0.0
UT,38,0.0,0.0
UT,39,0.0,0.0
UT,40,0.0,0.0
UT,41,0.0,0.0
UT,42,0.0,0.0
UT,43,0.0,0.0
UT,44,511.0,0.0
UT,45,2727.0,0.0
UT,46,20684.0,0.0
UT,47,46416.0,0.0
UT,48,39628.0,403.0
UT,49,28286.0,7886.0
UT,50,9846.0,12215.0
UT,51,42864.0,35259.0
UT,52,66264.0,29830.0
UT,53,119424.0,27835.0
UT,54,122378.0,10289.0
UT,55,225500.0,15864.0
UT,56,380519.0,39425.0
UT,57,219846.0,61996.0
UT,58,194108.0,91544.0
UT,59,155973.0,91535.0
UT,60,93767.0,156907.0
UT,61,196189.0,99421.0
UT,62,126923.0,618.0
UT,63,116421.0,2054.0
UT,64,130434.0,3882.0
UT,65,252104.0,7837.0
UT,66,218938.0,37386.0
UT,67,616128.0,35808.0
UT,68,238405.0,95017.0
UT,69,235014.0,127012.0
UT,70,136605.0,175502.0
UT,71,174450.0,150844.0
UT,72,260427.0,119842.0
UT,73,552522.0,138712.0
UT,74,472556.0,147531.0
WB,1,0.0,0.0
WB,2,0.0,0.0
WB,3,0.0,0.0
WB,4,0.0,0.0
WB,5,0.0,0.0
WB,6,0.0,0.0
WB,7,0.0,0.0
WB,8,0.0,0.0
WB,9,0.0,0.0
WB,10,0.0,0.0
WB,11,0.0,0.0
WB,12,0.0,0.0
WB,13,0.0,0.0
WB,14,0.0,0.0
WB,15,0.0,0.0
WB,16,0.0,0.0
WB,17,0.0,0.0
WB,18,0.0,0.0
WB,19,0.0,0.0
WB,20,0.0,0.0
WB,21,0.0,0.0
WB,22,0.0,0.0
WB,23,0.0,0.0
WB,24,0.0,0.0
WB,25,0.0,0.0
WB,26,0.0,0.0
WB,27,0.0,0.0
WB,28,0.0,0.0
WB,29,0.0,0.0
WB,30,0.0,0.0
WB,31,0.0,0.0
WB,32,0.0,0.0
WB,33,0.0,0.0
WB,34,0.0,0.0
WB,35,0.0,0.0
WB,36,0.0,0.0
WB,37,0.0,0.0
WB,38,0.0,0.0
WB,39,0.0,0.0
WB,40,0.0,0.0
WB,41,0.0,0.0
WB,42,0.0,0.0
WB,43,0.0,0.0
WB,44,1918.0,0.0
WB,45,40088.0,0.0
WB,46,170838.0,0.0
WB,47,109807.0,0.0
WB,48,156918.0,1084.0
WB,49,139586.0,43442.0
WB,50,333553.0,94321.0
WB,51,346056.0,98781.0
WB,52,692572.0,120181.0
WB,53,1049236.0,123596.0
WB,54,1101115.0,131092.0
WB,55,1117185.0,95357.0
WB,56,1712540.0,210728.0
WB,57,604467.0,244081.0
WB,58,650063.0,548644.0
WB,59,462831.0,656799.0
WB,60,133816.0,760535.0
WB,61,131318.0,589347.0
WB,62,318923.0,96990.0
WB,63,1133002.0,49083.0
WB,64,1683066.0,77019.0
WB,65,1471746.0,97541.0
WB,66,1115331.0,221649.0
WB,67,1643157.0,463266.0
WB,68,815188.0,732087.0
WB,69,569656.0,907248.0
WB,70,835366.0,1096734.0
WB,71,946725.0,734887.0
WB,72,1350077.0,486888.0
WB,73,2121735.0,388892.0
WB,74,1856470.0,318877.0
